{
  "dataset_statistics": {
    "behavioral_insights_count": 4606,
    "categories": {
      "chatgpt_original": {
        "avg_file_size": 16600.77,
        "file_count": 13,
        "numbers": [
          1,
          2,
          3,
          4,
          5,
          6,
          7,
          8,
          9,
          11,
          22,
          33,
          44
        ],
        "total_bytes": 215810
      },
      "claude_academic": {
        "avg_file_size": 37128.0,
        "file_count": 13,
        "numbers": [
          1,
          2,
          3,
          4,
          5,
          6,
          7,
          8,
          9,
          11,
          22,
          33,
          44
        ],
        "total_bytes": 482664
      },
      "expression": {
        "avg_file_size": 32284.31,
        "file_count": 13,
        "numbers": [],
        "total_bytes": 419696
      },
      "grok_mindfulnesscoach": {
        "avg_file_size": 6188.23,
        "file_count": 13,
        "numbers": [
          1,
          2,
          3,
          4,
          5,
          6,
          7,
          8,
          9,
          11,
          22,
          33,
          44
        ],
        "total_bytes": 80447
      },
      "grok_numerologyscholar": {
        "avg_file_size": 6257.54,
        "file_count": 13,
        "numbers": [
          1,
          2,
          3,
          4,
          5,
          6,
          7,
          8,
          9,
          11,
          22,
          33,
          44
        ],
        "total_bytes": 81348
      },
      "grok_oracle": {
        "avg_file_size": 5924.0,
        "file_count": 13,
        "numbers": [
          1,
          2,
          3,
          4,
          5,
          6,
          7,
          8,
          9,
          11,
          22,
          33,
          44
        ],
        "total_bytes": 77012
      },
      "grok_philosopher": {
        "avg_file_size": 6373.08,
        "file_count": 13,
        "numbers": [
          1,
          2,
          3,
          4,
          5,
          6,
          7,
          8,
          9,
          11,
          22,
          33,
          44
        ],
        "total_bytes": 82850
      },
      "grok_psychologist": {
        "avg_file_size": 7778.23,
        "file_count": 13,
        "numbers": [
          1,
          2,
          3,
          4,
          5,
          6,
          7,
          8,
          9,
          11,
          22,
          33,
          44
        ],
        "total_bytes": 101117
      },
      "life_path": {
        "avg_file_size": 23695.31,
        "file_count": 13,
        "numbers": [
          1,
          2,
          3,
          4,
          5,
          6,
          7,
          8,
          9,
          11,
          22,
          33,
          44
        ],
        "total_bytes": 308039
      },
      "soul_urge": {
        "avg_file_size": 42174.54,
        "file_count": 13,
        "numbers": [],
        "total_bytes": 548269
      }
    },
    "content_types": [
      "academic_spiritual_analysis",
      "mystical_insights",
      "practical_guidance"
    ],
    "file_count": 130,
    "generation_dates": [
      "2025-08-05",
      "2025-08-05",
      "2025-08-05",
      "2025-08-05",
      "2025-08-05",
      "2025-08-05",
      "2025-08-04",
      "2025-08-05",
      "2025-08-05",
      "2025-08-04",
      "2025-08-04",
      "2025-08-05",
      "2025-08-05",
      "2025-08-05",
      "2025-08-05",
      "2025-08-05",
      "2025-08-05",
      "2025-08-05",
      "2025-08-05",
      "2025-08-05",
      "2025-08-05",
      "2025-08-05",
      "2025-08-05",
      "2025-08-05",
      "2025-08-07",
      "2025-08-07",
      "2025-08-07",
      "2025-08-07",
      "2025-08-07",
      "2025-08-07",
      "2025-08-07",
      "2025-08-09",
      "2025-08-07",
      "2025-08-07",
      "2025-08-07",
      "2025-08-07",
      "2025-08-06",
      "2025-08-06",
      "2025-08-06",
      "2025-08-05",
      "2025-08-06",
      "2025-08-05",
      "2025-08-05",
      "2025-08-05",
      "2025-08-05",
      "2025-08-05",
      "2025-08-06",
      "2025-08-05",
      "2025-08-09",
      "2025-08-09",
      "2025-08-09",
      "2025-08-08",
      "2025-08-08",
      "2025-08-08",
      "2025-08-08",
      "2025-08-08",
      "2025-08-08",
      "2025-08-08",
      "2025-08-08"
    ],
    "numbers_covered": [
      1,
      2,
      3,
      4,
      5,
      6,
      7,
      8,
      9,
      11,
      22,
      33,
      44
    ],
    "persona_distribution": {
      "MindfulnessCoach": 13,
      "NumerologyScholar": 13,
      "Oracle": 13,
      "Philosopher": 13,
      "Psychologist": 13
    },
    "total_size_bytes": 2397252
  },
  "file_categories": {
    "chatgpt_original": 13,
    "claude_academic": 13,
    "expression": 13,
    "grok_mindfulnesscoach": 13,
    "grok_numerologyscholar": 13,
    "grok_oracle": 13,
    "grok_philosopher": 13,
    "grok_psychologist": 13,
    "life_path": 13,
    "soul_urge": 13
  },
  "generated_at": "2025-08-09T19:45:21.198245",
  "hash_signatures": {
    "chatgpt_original": {
      "chatgpt_original_01_converted.json": "fcf4a3690f687cc2b001056573240e76",
      "chatgpt_original_02_converted.json": "778f91a0f05364e3d17e4ffa6368839d",
      "chatgpt_original_03_converted.json": "dcd7ad1905274528efec04082a4604a8",
      "chatgpt_original_04_converted.json": "b680bebea06c29ef712d1054d20a044c",
      "chatgpt_original_05_converted.json": "1bf24357b9f3780efa68af4909ad4334",
      "chatgpt_original_06_converted.json": "01e54807c0fff53271f747651dd7eec3",
      "chatgpt_original_07_converted.json": "1be91ea778cf0a9203535ba9b62d4e03",
      "chatgpt_original_08_converted.json": "7f9fe8e82af24e0ce4e5923319d09b55",
      "chatgpt_original_09_converted.json": "2b820c24a05a526b252937569a323de1",
      "chatgpt_original_11_converted.json": "0c1a67c3c77d09c2947f5ab530637bf1",
      "chatgpt_original_22_converted.json": "208bb212dbd48d818c7e52dadc8189db",
      "chatgpt_original_33_converted.json": "5588dcb9e00f4d1a673a0f584f029199",
      "chatgpt_original_44_converted.json": "2e882738ee27137478a1b0d688b542f5"
    },
    "claude_academic": {
      "claude_01_academic_converted.json": "0dfc473bdd9dfcbf0c40e654d62f3fdc",
      "claude_02_academic_converted.json": "18c7816a9fb9cdf0852ebd98ac3f1a58",
      "claude_03_academic_converted.json": "951a323e20ecccce76161a7ac564d22e",
      "claude_04_academic_converted.json": "cf7b9aab853a5fc9b61fef61a07fa08f",
      "claude_05_academic_converted.json": "c58757bd0b15b662ce7dcf497af6a739",
      "claude_06_academic_converted.json": "7f0eff7a9899b0e83077c0fa72ac5cf5",
      "claude_07_academic_converted.json": "63a6ea45649d77038915d3ff115e39f7",
      "claude_08_academic_converted.json": "3ccd4105acc526eb59d0a09e31dff1c3",
      "claude_09_academic_converted.json": "c61407feeef9b2b77fff44170e2303df",
      "claude_11_academic_converted.json": "815f5b989659455e70522059f7c27acf",
      "claude_22_academic_converted.json": "2d4f4fccb8900ebaa94fbd715aa74a39",
      "claude_33_academic_converted.json": "3a20fe754d673e3d6767a3876135e9aa",
      "claude_44_academic_converted.json": "ac19796892d4dcd5b3f0d6cdd89be4d0"
    },
    "expression": {
      "expression_01_converted.json": "7a1916ac889855cb5e53d996bef3f497",
      "expression_02_converted.json": "487fdef416f88c53c340e8b315d0d7a8",
      "expression_03_converted.json": "7e451925e9439382bc015bac8f744cd0",
      "expression_04_converted.json": "8b4180bb199d06e7e04d87a2b80923b3",
      "expression_05_converted.json": "88f79c462f68af0c262e70ec01778d92",
      "expression_06_converted.json": "a46c3d9c1bab047dd668668b607088f1",
      "expression_07_converted.json": "e2a2c6db64fb28ee3b6ba4920b408423",
      "expression_08_converted.json": "8dd29f703b21704153a9372015044fe3",
      "expression_09_converted.json": "8ef417cfa5047eaa436e9be58826607e",
      "expression_11_converted.json": "81b8f7c73ceb3da3f024316e869521c8",
      "expression_22_converted.json": "570aba25e0c898fc9f9adde41d8e64ad",
      "expression_33_converted.json": "3fe46cfca6e39c3554ad46cee9bd9747",
      "expression_44_converted.json": "593b86263e2f282561e7c9f834d552e2"
    },
    "grok_mindfulnesscoach": {
      "grok_mindfulnesscoach_01_converted.json": "3312eee08b943193cb1861c37edac8f5",
      "grok_mindfulnesscoach_02_converted.json": "2976971dad054c07468317abd85e51c9",
      "grok_mindfulnesscoach_03_converted.json": "cc38c7fb77c1e5d16cc93ba558550341",
      "grok_mindfulnesscoach_04_converted.json": "7358075077db7934d12f7a3ec85d4d11",
      "grok_mindfulnesscoach_05_converted.json": "3a00ae87ca2647442cfea7663250cc3f",
      "grok_mindfulnesscoach_06_converted.json": "ad05973fc1a7fcbe9d5e9b496d9334b4",
      "grok_mindfulnesscoach_07_converted.json": "7959186f6963b5bfb99d6d354d509a3a",
      "grok_mindfulnesscoach_08_converted.json": "c40dbeb1ad8e1a9dd24f82bf312dd54b",
      "grok_mindfulnesscoach_09_converted.json": "b46245e72917ae63024f6d6c6f302bea",
      "grok_mindfulnesscoach_11_converted.json": "39a5936ed6384a400b7b5932db91b7ce",
      "grok_mindfulnesscoach_22_converted.json": "7011de0dbd9dbe621d8b9047e0bddfc8",
      "grok_mindfulnesscoach_33_converted.json": "3f3cd4f247ad51ffc0949cc4deb746fe",
      "grok_mindfulnesscoach_44_converted.json": "b77ba4059c625eaeae5114d23129d786"
    },
    "grok_numerologyscholar": {
      "grok_numerologyscholar_01_converted.json": "1011c61f74bb7137216bec45f7622edc",
      "grok_numerologyscholar_02_converted.json": "925b9cdec0fd61156420b49c74683f12",
      "grok_numerologyscholar_03_converted.json": "eb8fa0faf29772f8d9d84475f78a83aa",
      "grok_numerologyscholar_04_converted.json": "4ecc0a7c615bf40153c48650ad0a2107",
      "grok_numerologyscholar_05_converted.json": "9276acff1d721fee1891e6f8636bea89",
      "grok_numerologyscholar_06_converted.json": "f7a3df30fae89baa6ecb660086f5b2f2",
      "grok_numerologyscholar_07_converted.json": "7177767d6dec0b8fd3764fa62f6275c9",
      "grok_numerologyscholar_08_converted.json": "5dfd670fbfe24aba1f38fdada1433e45",
      "grok_numerologyscholar_09_converted.json": "be106447ea81e203a1e1f2cd21db95bc",
      "grok_numerologyscholar_11_converted.json": "b60483cfa658adf7548029d150d84766",
      "grok_numerologyscholar_22_converted.json": "64018f775ed8a1429b8a45978b0f5e05",
      "grok_numerologyscholar_33_converted.json": "a0023c2a8121b132819be806bc9687e1",
      "grok_numerologyscholar_44_converted.json": "4af021e73aa033a4070b1591d548ab2a"
    },
    "grok_oracle": {
      "grok_oracle_01_converted.json": "cb3be159db836a427b6c55e1abedce70",
      "grok_oracle_02_converted.json": "ad7a980ffae9e964a9e96ad61f10212b",
      "grok_oracle_03_converted.json": "87ba6c239d3e388a7c130687b871a3b7",
      "grok_oracle_04_converted.json": "bc0c628dddc205f333cd046176b6ccf9",
      "grok_oracle_05_converted.json": "e213abbe23aadada0ee7b793b6ec6e18",
      "grok_oracle_06_converted.json": "2ff8da3f111b544d7cd096234108a53d",
      "grok_oracle_07_converted.json": "9ab32be4b0721323f072610dfbb6f1e1",
      "grok_oracle_08_converted.json": "09b04156c750118504e1b17d4a78f27d",
      "grok_oracle_09_converted.json": "a0b2196f7fdb97036ddabe95ffaf9132",
      "grok_oracle_11_converted.json": "ea6e5725794807e19758e756612010e6",
      "grok_oracle_22_converted.json": "ef50cf124b3cbdd60560a73938b75b64",
      "grok_oracle_33_converted.json": "f496777715047759cde348ab64da443c",
      "grok_oracle_44_converted.json": "90baa9b4fcce63e1dbf2581983973a5b"
    },
    "grok_philosopher": {
      "grok_philosopher_01_converted.json": "037938d9ae754d0639e7e482a9b80fed",
      "grok_philosopher_02_converted.json": "0a85263f34b3596c5dfedf34d2f487fb",
      "grok_philosopher_03_converted.json": "f600af8a0b5e06dd591b19aee892aa10",
      "grok_philosopher_04_converted.json": "92b395ef566968b3ff376e94f39b7ce1",
      "grok_philosopher_05_converted.json": "dc27155eff26419e4579ba06bffe40d4",
      "grok_philosopher_06_converted.json": "79e6826bc20e87fea9b2114734b6bc31",
      "grok_philosopher_07_converted.json": "964ca32caad64abb4313d265e10f3872",
      "grok_philosopher_08_converted.json": "97fed3cd27e4a4a44598eaaf6bfc6a90",
      "grok_philosopher_09_converted.json": "6e65f5f23ead200a2b765f7e560dfd82",
      "grok_philosopher_11_converted.json": "31a8021fbbd4dbebcdb7bbe06e0ea35a",
      "grok_philosopher_22_converted.json": "f390f2b9c38cc4ddd1aec926ed4b86a9",
      "grok_philosopher_33_converted.json": "c53164ba7ab14e599f73b1f59f858ecf",
      "grok_philosopher_44_converted.json": "3211cfae4d69ca7d798018ab95271371"
    },
    "grok_psychologist": {
      "grok_psychologist_01_converted.json": "1d97bc8305f64658745082ff8d6e5f32",
      "grok_psychologist_02_converted.json": "40d396c0d2780c0b2e2c1ed10ee4b75e",
      "grok_psychologist_03_converted.json": "b74bcd11a7d026d2251c5f515b8b42bc",
      "grok_psychologist_04_converted.json": "c23426bd4096aefe7bb57572b2408e70",
      "grok_psychologist_05_converted.json": "5955f147b54309dcd13933b39b511680",
      "grok_psychologist_06_converted.json": "54e6d74237688d7e7987d03ba886b020",
      "grok_psychologist_07_converted.json": "60e0980bc2f0b84dfd447ad8a8ab3d11",
      "grok_psychologist_08_converted.json": "30a9ec9edbcd02b16ffdd79ee6ee5e35",
      "grok_psychologist_09_converted.json": "cdd693a4ab78aef6aaa0c62f17c047c2",
      "grok_psychologist_11_converted.json": "e2a29be38a0a1dd7eccb2fac0221aebf",
      "grok_psychologist_22_converted.json": "f494817bac0a4f75bab295c71b4ba5e4",
      "grok_psychologist_33_converted.json": "6e06cfaab15b08b3660a7387a17f0397",
      "grok_psychologist_44_converted.json": "fc689a6b7aea5a77bc0972d647c1e4cd"
    },
    "life_path": {
      "lifePath_01_v2.0_converted.json": "83b26b8f2372160bfd5cfc286add83c4",
      "lifePath_02_v2.0_converted.json": "8db08ea64428f6ab64d235cd15dfa9b1",
      "lifePath_03_v2.0_converted.json": "b5face83194d7820d04d2c84073b0fe1",
      "lifePath_04_v2.0_converted.json": "c9f80f22a603452d0af335acd7e787f0",
      "lifePath_05_v2.0_converted.json": "a5afb0a04d701466d61fbf09d03f706b",
      "lifePath_06_v2.0_converted.json": "d69d9ae1b6388bc180fd92dcb2655b49",
      "lifePath_07_v2.0_converted.json": "bc2e3a0ad758846b1585fdbf52c077b1",
      "lifePath_08_v2.0_converted.json": "223b62db965b7705904199bf04aa6b92",
      "lifePath_09_v2.0_converted.json": "67758b28df90ede7c1ce606856bc3d7b",
      "lifePath_11_v2.0_converted.json": "cd6c3d4391b4696c73f8a32f90f1c9c4",
      "lifePath_22_v2.0_converted.json": "982d0de37c96848baac9579a9f3475e1",
      "lifePath_33_v2.0_converted.json": "6c810ec5c28bf0ba4b804f00ec2251cf",
      "lifePath_44_v2.0_converted.json": "cfe17b761c4712eb2661718aa240fb2b"
    },
    "soul_urge": {
      "soulUrge_01_v3.0_converted.json": "8349ababef9869e8f811423f1144f383",
      "soulUrge_02_v3.0_converted.json": "bcbe50340f5a9fc6fe57491e00655442",
      "soulUrge_03_v3.0_converted.json": "b895b96cb473e9f58b945527fda877ca",
      "soulUrge_04_v3.0_converted.json": "664c172a438c3a23475307fa644d776a",
      "soulUrge_05_v3.0_converted.json": "ad75964a57c3ff610eb1832602bec2ab",
      "soulUrge_06_v3.0_converted.json": "feafd108fb5ba5c252797eafa4ff85b5",
      "soulUrge_07_v3.0_converted.json": "110405008b7f8f6f1e1042d8f50765ce",
      "soulUrge_08_v3.0_converted.json": "190baff6745073c1391806a285b52c7a",
      "soulUrge_09_v3.0_converted.json": "62e68aff6aaa9a911a6e973391846ec2",
      "soulUrge_11_v3.0_converted.json": "579f650de254298907190d9c3eb2ae8a",
      "soulUrge_22_v3.0_converted.json": "b61c1f09b60de5237902062a43a670e1",
      "soulUrge_33_v3.0_converted.json": "097a1c1470fdcb54f73877545ea43ead",
      "soulUrge_44_v3.0_converted.json": "26a5e42ae081772dc0da457f71573c23"
    }
  },
  "validation_results": {
    "errors": [],
    "failed_files": 0,
    "schema_violations": [],
    "total_files": 130,
    "valid_files": 130,
    "warnings": []
  }
}